Orderid,Product,Quantity,Price,Delivery_Date,Order_Date
12345,Apple iPad 9.7 (2017),1,10000,01-Feb-25,31-Dec-25
12346,Apple iPhone 6s,1,25000,15-Feb-25,05-Jan-25
12347,Ericsson A2618,2,800,31-Jan-25,31-Dec-25
12348,Ericsson T29s,1,8000,31-Jan-25,05-Jan-25
12349,Samsung Galaxy Note10 5G,2,12000,15-Feb-25,10-Jan-25
12344,Samsung Galaxy Note10+,3,500,18-Jan-25,31-Dec-25
12343,Apple iPad Air (2022),1,250,31-Mar-25,10-Jan-25
12342,Apple Watch Series 6,1,8000,15-Feb-25,10-Jan-25
12341,Apple Watch Series 3 Aluminum,1,20000,01-Mar-25,10-Jan-25
71261,Ericsson T20e,7,49505,25-12-2024,11-02-2025
51284,Apple Watch SE (2022),9,20558,30-01-2025,24-12-2024
86581,Apple Watch Series 4 Aluminum,4,46944,06-02-2025,02-12-2024
15024,Ericsson T65,4,12288,07-03-2025,03-12-2024
71268,Apple iPad mini Wi-Fi,5,49896,24-02-2025,20-12-2024
38593,Apple iPad mini Wi-Fi,4,12389,19-03-2025,24-12-2024
90344,Apple iPhone 4 CDMA,10,12100,21-02-2025,12-01-2025
10301,Samsung Galaxy Note 3 Neo,7,39129,01-02-2025,05-12-2024
94564,Apple iPhone 15 Plus,10,17342,06-02-2025,10-01-2025
70444,Apple iPhone 5s,3,30821,19-03-2025,13-01-2025
89053,Apple Watch Series 3 Aluminum,4,5285,15-02-2025,07-01-2025
25569,Apple Watch Series 7 Aluminum,10,12496,17-02-2025,06-12-2024
39540,Apple iPad Pro 11 (2020),4,49372,06-02-2025,05-12-2024
76471,Apple Watch Series 8,1,21110,25-02-2025,13-12-2024
69479,Apple iPhone 5s,4,16468,22-02-2025,16-01-2025
82062,Ericsson GH 388,1,13008,24-03-2025,21-12-2024
68099,Ericsson T65,2,37478,26-03-2025,15-01-2025
54897,Apple Watch Edition Series 7,6,43535,04-02-2025,23-12-2024
56922,Ericsson GF 768,3,21370,17-03-2025,29-12-2024
73722,Apple iPad Pro 9.7 (2016),10,4960,13-02-2025,16-12-2024
10199,Apple Watch Edition Series 7,3,43543,11-03-2025,22-12-2024
18657,Apple Watch Series 2 38mm,3,3009,06-03-2025,12-12-2024
31565,Ericsson T39,7,34136,26-03-2025,25-12-2024
84874,Apple Watch Series 3,6,42485,02-03-2025,14-01-2025
77920,Samsung Galaxy Note20 5G,7,21882,24-03-2025,02-01-2025
26117,Samsung Galaxy Note 10.1 N8010,1,23347,22-03-2025,02-12-2024
43751,Samsung Galaxy Note FE,1,22738,19-02-2025,01-12-2024
53034,Apple Watch Series 7,3,19594,22-02-2025,06-01-2025
15970,Apple iPad Pro 12.9 (2020),6,15481,27-02-2025,19-01-2025
23490,Apple iPhone 12 Pro,7,48639,13-03-2025,13-12-2024
40753,Ericsson T36,10,30477,18-03-2025,01-01-2025
84129,Apple Watch Series 9 Aluminum,7,3627,10-02-2025,02-12-2024
77713,Apple Watch Series 2 42mm,6,22050,15-03-2025,02-12-2024
38094,Apple iPhone 12 Pro,7,39118,26-03-2025,03-12-2024
42279,Ericsson SH 888,3,4149,26-01-2025,16-01-2025
97827,Apple iPad 3 Wi-Fi,4,23662,11-02-2025,13-12-2024
70665,Apple Watch Edition Series 6,7,31116,04-02-2025,19-01-2025
12737,Ericsson R310s,6,4476,09-03-2025,01-01-2025
23053,Apple iPhone 15,1,40377,13-03-2025,24-12-2024
51514,Apple iPad Pro 9.7 (2016),5,11839,12-02-2025,10-01-2025
87471,Samsung Galaxy Note10+,4,20451,23-02-2025,22-12-2024
34179,Apple Watch Edition Series 6,2,42776,30-03-2025,17-12-2024
13193,Apple iPad 10.2 (2020),10,26770,27-02-2025,06-01-2025
41041,Ericsson T10s,7,20543,28-02-2025,09-01-2025
51313,Apple iPad mini Wi-Fi,6,32916,14-03-2025,01-12-2024
72414,Apple Watch Series 9,8,44071,20-02-2025,06-01-2025
58127,Apple iPad 10.2 (2021),8,4925,11-03-2025,24-12-2024
81929,Apple Watch Edition Series 2 38mm,10,2739,27-01-2025,07-01-2025
54755,Apple Watch Edition Series 6,3,10055,19-03-2025,17-01-2025
97115,Ericsson GS 337,10,12175,14-02-2025,08-01-2025
57743,Samsung Galaxy Note10 Lite,10,10081,28-02-2025,08-12-2024
47846,Apple iPad Air (2019),6,9787,14-02-2025,01-01-2025
22866,Samsung Galaxy Note 4 Duos,4,9398,07-02-2025,02-01-2025
44156,Apple iPhone 12 Pro,5,9843,17-02-2025,23-12-2024
61494,Apple Watch Ultra 2,8,17322,05-02-2025,28-12-2024
38034,Ericsson T10s,7,46436,11-02-2025,02-12-2024
37389,Samsung Galaxy Note Pro 12.2 3G,8,17856,09-02-2025,13-01-2025
74853,Apple iPad Pro 13 (2024),8,16630,21-02-2025,04-01-2025
29134,Samsung Galaxy Note7,7,2202,24-02-2025,30-12-2024
59644,Apple Watch Edition Series 5,3,15052,12-03-2025,22-12-2024
59692,Ericsson R520m,8,13643,23-03-2025,21-12-2024
96865,Apple Watch Series 6 Aluminum,10,25267,07-02-2025,19-01-2025
39664,Apple iPhone 13,1,37653,22-02-2025,10-01-2025
76924,Apple Watch Series 8,7,18088,25-01-2025,07-01-2025
24181,Apple iPhone 13,10,19572,06-02-2025,25-12-2024
51639,Samsung Galaxy Note 8.0,10,5192,16-02-2025,21-12-2024
57935,Samsung Galaxy Note10+ 5G,7,7135,05-02-2025,17-12-2024
65605,Apple iPhone 13 Pro,1,16042,29-03-2025,09-12-2024
57528,Ericsson SH 888,10,40563,12-02-2025,22-12-2024
15306,Ericsson GA 628,8,48110,28-01-2025,19-01-2025
30612,Apple iPhone 14 Pro Max,5,7378,25-01-2025,06-01-2025
27903,Samsung Galaxy Note II CDMA,3,17056,02-02-2025,15-01-2025
84548,Apple Watch Edition 38mm (1st gen),2,32491,12-03-2025,23-12-2024
17576,Apple Watch Series 3,6,26154,07-03-2025,31-12-2024
43961,Ericsson GS 18,6,15793,29-03-2025,09-12-2024
83639,Apple iPhone 11 Pro Max,8,6995,13-03-2025,16-01-2025
60935,Apple iPhone 7,7,33741,07-03-2025,08-01-2025
99781,Apple iPhone SE,10,36787,17-02-2025,31-12-2024
39198,Samsung Galaxy Note7 (USA),1,42665,14-03-2025,22-12-2024
80660,Samsung Galaxy Note N7000,9,19400,10-02-2025,10-01-2025
88950,Apple iPad (2022),5,29152,19-02-2025,14-12-2024
51889,Samsung Galaxy Note LTE 10.1 N8020,6,21342,26-02-2025,18-12-2024
96144,Samsung Galaxy Note 8.0 Wi-Fi,8,39447,07-03-2025,28-12-2024
73210,Ericsson GS 18,3,22330,03-02-2025,18-12-2024
98022,Samsung Galaxy Note II N7100,6,13388,30-03-2025,23-12-2024
18745,Apple iPad mini Wi-Fi + Cellular,1,49990,09-03-2025,06-01-2025
25270,Apple Watch Series 7 Aluminum,9,13399,07-02-2025,27-12-2024
52838,Ericsson T28 World,10,45745,01-02-2025,17-01-2025
33580,Apple iPad Pro 12.9 (2018),6,10884,09-03-2025,20-01-2025
27021,Apple iPad Wi-Fi,10,16352,25-03-2025,14-12-2024
70051,Apple Watch Edition Series 7,2,28703,15-03-2025,19-12-2024
27708,Apple iPad 2 Wi-Fi + 3G,5,37684,10-02-2025,05-01-2025
20941,Ericsson T65,8,28350,16-02-2025,08-12-2024
94629,Apple iPhone 15 Pro Max,9,39105,23-03-2025,12-01-2025
14062,Samsung Galaxy Note5 (USA),6,31073,05-02-2025,24-12-2024
78614,Samsung Galaxy Note10 5G,8,19520,02-02-2025,28-12-2024
81515,Apple iPad 10.2 (2020),1,11295,14-02-2025,22-12-2024
72235,Apple Watch Series 2 38mm,1,23885,14-03-2025,17-01-2025
49140,Apple iPhone 4,1,38907,08-03-2025,09-12-2024
29796,Apple Watch Series 6,4,11220,22-02-2025,11-01-2025
85118,Samsung Galaxy Note 8.0 Wi-Fi,9,10453,08-02-2025,21-12-2024
61115,Apple Watch SE (2022),6,3869,30-01-2025,01-01-2025
50792,Apple Watch Series 3 Aluminum,6,6672,03-03-2025,07-12-2024
37104,Apple Watch Series 2 42mm,7,47134,16-03-2025,08-12-2024
43211,Apple iPhone 5s,3,36497,09-02-2025,08-12-2024
14784,Samsung Galaxy Note10+ 5G,10,5159,13-03-2025,05-01-2025
37047,Apple iPad 4 Wi-Fi + Cellular,7,39660,15-03-2025,03-01-2025
98544,Samsung Galaxy Note 4 Duos,5,2761,17-03-2025,01-12-2024
86831,Apple iPhone 16 Pro Max,6,10164,27-01-2025,19-12-2024
13837,Apple iPhone 6,10,20150,16-02-2025,02-12-2024
38363,Samsung Galaxy Note Pro 12.2,3,4250,29-01-2025,09-01-2025
61627,Samsung Galaxy Note Pro 12.2 3G,9,7715,28-01-2025,11-01-2025
22805,Ericsson A2618,2,29477,23-02-2025,02-12-2024
47571,Ericsson GF 768,5,44641,12-02-2025,24-12-2024
34444,Samsung Galaxy Note N7000,10,6883,25-02-2025,09-01-2025
82970,Ericsson A2628,3,48430,09-03-2025,27-12-2024
78174,Apple iPhone 12 mini,5,42310,30-03-2025,06-12-2024
65872,Apple iPad mini Wi-Fi + Cellular,2,30410,25-02-2025,15-01-2025
77476,Apple iPhone 3GS,7,25989,25-03-2025,14-12-2024
93239,Apple iPad mini (2021),6,12004,14-03-2025,20-12-2024
82103,Apple iPhone 5c,8,29861,26-01-2025,14-12-2024
28301,Samsung Galaxy Note10,5,28697,05-02-2025,16-12-2024
46742,Ericsson GO 118,2,38957,15-03-2025,26-12-2024
69296,Apple Watch Series 2 38mm,4,39622,01-02-2025,12-01-2025
78075,Apple iPad Pro 12.9 (2017),4,28174,03-03-2025,11-12-2024
44044,Ericsson GH 337,2,10572,02-03-2025,22-12-2024
24299,Apple iPad Air 11 (2024),9,24682,27-02-2025,09-12-2024
66991,Apple iPad 3 Wi-Fi,5,33701,28-02-2025,04-01-2025
78970,Apple Watch Series 8,8,44362,05-02-2025,04-01-2025
16555,Apple iPad Pro 9.7 (2016),2,27186,30-03-2025,27-12-2024
51652,Apple Watch Series 3,3,48769,21-02-2025,09-01-2025
61309,Apple iPhone 6,2,28413,29-03-2025,23-12-2024
46320,Apple Watch 42mm (1st gen),3,46997,29-01-2025,07-12-2024
79020,Ericsson GF 788,10,33842,22-03-2025,28-12-2024
58495,Apple iPhone 14 Pro,10,20562,20-02-2025,09-01-2025
68200,Samsung Galaxy Note Pro 12.2 LTE,5,36459,29-03-2025,02-01-2025
91498,Apple Watch Ultra 2,1,20065,30-01-2025,01-01-2025
86104,Ericsson GO 118,9,43507,17-03-2025,25-12-2024
16629,Samsung Galaxy Note5 Duos,2,8735,03-02-2025,03-01-2025
63989,Apple iPad Pro 12.9 (2022),4,26703,25-01-2025,18-01-2025
76963,Apple iPhone 7,5,8535,12-03-2025,22-12-2024
76153,Apple iPad 9.7 (2017),2,15110,31-01-2025,05-01-2025
51578,Apple iPhone 6s,6,28432,15-02-2025,08-12-2024
38246,Apple iPhone 5c,8,2187,25-01-2025,12-01-2025
47680,Ericsson GA 318,7,47578,05-03-2025,03-01-2025
73375,Samsung Galaxy Note10,3,18186,27-02-2025,21-12-2024
16310,Apple iPad Air (2022),3,17512,29-01-2025,12-01-2025
47364,Apple Watch Edition Series 6,7,30679,12-02-2025,29-12-2024
19466,Apple Watch Series 5 Aluminum,9,14180,04-02-2025,03-01-2025
32657,Apple Watch Series 5,4,33446,24-03-2025,13-01-2025
92372,Ericsson GH 337,7,4172,25-02-2025,20-01-2025
21536,Apple iPad (2022),7,36289,17-02-2025,21-12-2024
95943,Apple iPhone 3G,8,11292,02-03-2025,13-01-2025
99738,Apple iPad Air (2019),3,13725,26-02-2025,18-01-2025
23233,Ericsson A3618,2,9064,14-02-2025,19-01-2025
68962,Apple iPad mini 2,4,8864,04-03-2025,11-12-2024
58641,Apple iPad mini 2,1,17221,17-03-2025,02-01-2025
30231,Apple Watch Edition 42mm (1st gen),3,42993,26-01-2025,27-12-2024
85355,Ericsson GF 337,3,29422,26-02-2025,09-12-2024
74710,Apple iPad mini Wi-Fi + Cellular,6,40291,18-02-2025,17-12-2024
12607,Ericsson T66,1,7372,03-02-2025,19-12-2024
64471,Apple Watch Series 4 Aluminum,3,30670,21-03-2025,20-01-2025
37280,Apple iPhone 6,1,38446,15-03-2025,12-01-2025
91986,Samsung Galaxy Note T879,3,18071,31-03-2025,19-12-2024
65537,Samsung Galaxy Note5 (USA),2,28731,28-03-2025,10-12-2024
85006,Apple iPhone 14 Pro Max,2,15958,24-02-2025,11-01-2025
54412,Ericsson T39,2,49482,27-02-2025,17-01-2025
49052,Samsung Galaxy Note Pro 12.2,5,25506,22-02-2025,20-12-2024
65860,Samsung Galaxy Note10 5G,8,27418,04-03-2025,14-12-2024
58182,Samsung Galaxy Note Edge,2,15087,10-03-2025,20-01-2025
60802,Ericsson T39,1,21054,27-03-2025,03-01-2025
30757,Apple Watch Series 3,10,2138,23-03-2025,05-01-2025
42990,Apple iPad Air 2,3,6496,03-03-2025,03-12-2024
93019,Samsung Galaxy Note10 5G,5,23738,20-02-2025,16-12-2024
10924,Apple iPad Pro 11 (2022),7,23903,29-01-2025,18-01-2025
44842,Apple iPad 10.2 (2019),3,10793,15-02-2025,31-12-2024
56417,Samsung Galaxy Note7 (USA),6,16057,10-03-2025,20-01-2025
78644,Ericsson GF 388,5,22037,22-02-2025,12-12-2024
10312,Apple iPad Pro 12.9 (2022),7,24768,11-03-2025,27-12-2024
23879,Apple Watch Series 7 Aluminum,4,27607,12-02-2025,20-12-2024
86059,Apple Watch Series 3,3,7330,14-03-2025,13-12-2024
91564,Apple iPad mini Wi-Fi,4,15033,09-03-2025,28-12-2024
78673,Apple iPhone 11,9,10051,20-03-2025,09-12-2024
59642,Apple iPhone SE,9,31903,29-01-2025,15-12-2024
14671,Samsung Galaxy Note Pro 12.2 3G,6,31661,19-03-2025,11-01-2025
51139,Apple iPad Pro 12.9 (2018),7,21813,13-03-2025,28-12-2024
58392,Apple iPhone 7 Plus,5,29986,21-02-2025,09-01-2025
62730,Apple iPhone 15 Pro Max,5,7453,03-02-2025,05-12-2024
15926,Ericsson GF 768,3,16086,20-03-2025,04-01-2025
54650,Apple Watch Series 4 Aluminum,9,36699,12-02-2025,07-12-2024
48459,Ericsson T28s,5,9883,10-02-2025,24-12-2024
35354,Apple Watch Series 2 38mm,6,34954,23-03-2025,20-01-2025
97122,Apple Watch Series 1 Aluminum 42mm,3,33415,31-03-2025,10-12-2024
50995,Apple iPhone 6,5,11149,24-02-2025,18-12-2024
46104,Apple Watch 38mm (1st gen),8,27646,25-03-2025,18-12-2024
69254,Ericsson A2618,3,16220,23-03-2025,12-01-2025
21346,Apple iPhone 8 Plus,2,27584,18-02-2025,10-01-2025
76037,Apple iPhone 15 Plus,10,11631,25-01-2025,18-12-2024
91804,Apple iPad 3 Wi-Fi,7,8023,16-03-2025,26-12-2024
62577,Apple Watch Series 2 Aluminum 38mm,5,23711,07-03-2025,09-01-2025
20020,Apple iPhone 5s,4,46103,05-03-2025,10-01-2025
25947,Samsung Galaxy Note FE,2,41205,28-01-2025,14-12-2024
49315,Samsung Galaxy Note5 (USA),7,37516,31-03-2025,20-12-2024
48930,Ericsson GA 318,2,10499,12-02-2025,19-12-2024
63336,Apple iPhone 15 Plus,8,18687,10-03-2025,17-12-2024
23883,Apple Watch Series 9 Aluminum,8,41598,28-02-2025,12-12-2024
10107,Samsung Galaxy Note10+,8,40615,27-03-2025,20-12-2024
15304,Ericsson R310s,5,38554,29-03-2025,20-01-2025
30943,Samsung Galaxy Note 10.1 N8000,5,28673,27-02-2025,31-12-2024
13652,Samsung Galaxy Note 3,10,48468,04-03-2025,02-01-2025
15371,Samsung Galaxy Note 8.0,10,43879,10-02-2025,24-12-2024
42275,Apple Watch Edition Series 6,2,18780,08-02-2025,13-12-2024
17851,Apple Watch Edition Series 2 38mm,2,35332,27-03-2025,19-01-2025
45980,Samsung Galaxy Note LTE 10.1 N8020,3,47732,14-02-2025,19-01-2025
11807,Ericsson R250s PRO,5,41243,06-02-2025,09-01-2025
50466,Apple Watch Series 8,4,5357,16-02-2025,18-12-2024
89426,Apple iPad mini Wi-Fi,9,45337,06-03-2025,04-01-2025
57611,Samsung Galaxy Note10,1,20877,03-02-2025,23-12-2024
44744,Apple iPhone 12 Pro Max,3,28851,01-02-2025,17-12-2024
93812,Apple Watch Edition 38mm (1st gen),9,33843,10-03-2025,16-01-2025
76549,Apple Watch Edition Series 5,1,13775,23-02-2025,16-01-2025
82145,Samsung Galaxy Note 10.1 N8010,4,18232,12-03-2025,13-12-2024
53179,Apple iPhone XR,2,5166,31-03-2025,28-12-2024
40545,Apple iPhone 6 Plus,8,34394,23-02-2025,15-01-2025
29468,Samsung Galaxy Note9,8,12375,10-03-2025,02-12-2024
93140,Samsung Galaxy Note FE,1,10941,04-03-2025,27-12-2024
33685,Ericsson R380,5,19560,25-03-2025,19-01-2025
63008,Apple Watch Series 1 Aluminum 38mm,10,40111,19-03-2025,14-12-2024
88688,Ericsson I 888,6,23162,14-03-2025,03-01-2025
86181,Apple Watch SE (2022),9,28932,19-03-2025,31-12-2024
14900,Samsung Galaxy Note I717,1,23528,30-03-2025,20-01-2025
51981,Apple iPhone SE,5,12910,09-03-2025,30-12-2024
69266,Samsung Galaxy Note 10.1 (2014),3,16594,28-02-2025,20-01-2025
16042,Samsung Galaxy Note20 Ultra 5G,8,41323,12-03-2025,12-01-2025
75742,Apple iPhone 6,2,21661,17-03-2025,10-01-2025
77666,Ericsson GO 118,3,39962,17-03-2025,10-12-2024
25858,Apple iPhone 11,3,6700,25-03-2025,20-01-2025
12300,Samsung Galaxy Note20 Ultra,2,13636,16-03-2025,21-12-2024
65636,Ericsson T36,8,5837,01-03-2025,06-01-2025
80737,Samsung Galaxy Note5 (USA),3,35935,08-03-2025,04-12-2024
49009,Ericsson R320,1,8196,19-02-2025,13-12-2024
34217,Apple iPad mini 2,10,11455,26-03-2025,14-01-2025
49586,Ericsson A2618,3,1077,08-02-2025,05-01-2025
37858,Apple iPhone 15 Plus,4,18822,26-03-2025,19-01-2025
18680,Apple iPhone 12,2,34286,22-03-2025,14-12-2024
14509,Apple Watch Sport 38mm (1st gen),10,46311,23-03-2025,31-12-2024
24914,Ericsson R520m,6,30355,10-03-2025,10-01-2025
68937,Samsung Galaxy Note20 5G,3,36998,16-03-2025,16-01-2025
67187,Apple iPad 4 Wi-Fi + Cellular,10,14937,24-03-2025,10-01-2025
69262,Apple Watch Series 9,9,14380,09-03-2025,04-01-2025
92738,Samsung Galaxy Note Pro 12.2,3,47681,09-02-2025,25-12-2024
69318,Apple Watch 42mm (1st gen),8,40690,28-02-2025,18-12-2024
31401,Apple iPhone 15,5,14727,16-02-2025,03-12-2024
18572,Ericsson GH 688,4,14868,29-01-2025,10-12-2024
68857,Ericsson T10s,7,41187,16-02-2025,15-01-2025
26371,Samsung Galaxy Note N7000,6,48618,03-02-2025,14-12-2024
90336,Apple iPhone 5s,9,36885,01-03-2025,03-12-2024
45968,Ericsson T20e,6,27717,16-03-2025,07-01-2025
89660,Apple Watch Series 6,4,19292,09-03-2025,31-12-2024
47672,Samsung Galaxy Note FE,9,11513,07-02-2025,10-01-2025
37527,Apple iPad Air (2019),4,41396,28-03-2025,04-12-2024
13385,Apple iPad Pro 11 (2022),2,4102,07-02-2025,09-01-2025
65857,Apple iPad 10.2 (2019),4,2100,26-01-2025,27-12-2024
78309,Apple iPad Air,2,26158,26-03-2025,06-12-2024
63734,Apple Watch 42mm (1st gen),10,37703,22-03-2025,07-12-2024
90389,Ericsson SH 888,10,19975,16-03-2025,15-12-2024
47620,Apple Watch Series 6,5,31933,03-02-2025,19-12-2024
53856,Apple Watch Series 2 Aluminum 38mm,9,32795,17-02-2025,09-01-2025
11557,Apple iPad 4 Wi-Fi + Cellular,2,28955,06-03-2025,05-12-2024
32787,Apple iPhone 4,8,26194,18-03-2025,23-12-2024
29277,Apple Watch Series 4 Aluminum,6,10489,15-03-2025,14-12-2024
17213,Apple iPhone 6s Plus,10,36588,29-01-2025,26-12-2024
47688,Apple iPhone X,1,45030,19-02-2025,06-01-2025
94847,Ericsson T10s,1,29752,21-02-2025,13-12-2024
29771,Ericsson PF 768,2,44193,18-02-2025,08-01-2025
13305,Samsung Galaxy Note II N7100,1,17911,11-03-2025,15-01-2025
88439,Ericsson GS 18,2,39237,09-03-2025,09-12-2024
37010,Ericsson GF 768,9,14367,17-03-2025,14-01-2025
84580,Apple iPhone 4 CDMA,3,38290,29-01-2025,16-12-2024
42115,Apple iPhone 14 Pro,6,45953,11-03-2025,03-12-2024
88386,Apple iPad 3 Wi-Fi + Cellular,10,27942,14-02-2025,11-12-2024
61642,Apple Watch Series 1 Aluminum 38mm,7,29099,21-03-2025,04-01-2025
94085,Ericsson A2618,9,26192,28-01-2025,12-01-2025
75410,Ericsson GF 788,7,5757,28-01-2025,07-01-2025
29030,Apple Watch Ultra,10,24593,31-03-2025,19-01-2025
91143,Samsung Galaxy Note Pro 12.2 3G,9,14694,06-02-2025,08-01-2025
36795,Apple Watch Edition Series 2 38mm,2,28041,08-03-2025,01-01-2025
21362,Apple iPhone XS Max,5,36669,11-03-2025,05-12-2024
33899,Samsung Galaxy Note 4 Duos,9,21707,25-03-2025,31-12-2024
74900,Apple Watch Edition Series 2 42mm,10,49120,25-03-2025,16-01-2025
88341,Ericsson A3618,8,42379,03-03-2025,21-12-2024
86556,Apple iPhone 8,4,11820,18-03-2025,21-12-2024
99046,Ericsson PF 768,4,27457,06-03-2025,27-12-2024
30852,Ericsson A2618,10,20593,02-02-2025,13-01-2025
45352,Ericsson A3618,6,20569,14-02-2025,05-12-2024
20392,Apple iPad Pro 9.7 (2016),6,34566,17-02-2025,01-12-2024
87905,Apple Watch Edition Series 7,9,5829,08-02-2025,09-01-2025
17178,Apple Watch SE,10,25798,28-03-2025,28-12-2024
81901,Apple iPhone 12,4,13600,19-03-2025,20-12-2024
67184,Apple iPad mini Wi-Fi,7,7965,02-02-2025,16-01-2025
47950,Apple iPhone 14 Plus,5,23331,07-02-2025,11-12-2024
24357,Apple iPhone 12 Pro Max,1,44981,27-02-2025,18-01-2025
36627,Apple iPad Pro 10.5 (2017),3,16130,09-03-2025,09-12-2024
72097,Apple iPhone,5,14018,02-03-2025,06-01-2025
14385,Apple Watch Series 6 Aluminum,7,3899,26-03-2025,02-01-2025
80896,Ericsson T20e,7,19328,31-03-2025,14-01-2025
84193,Apple iPad Air (2019),1,30027,16-02-2025,31-12-2024
52260,Apple iPhone 7,4,30469,19-02-2025,10-12-2024
38823,Apple iPhone 12,5,5974,13-03-2025,23-12-2024
67688,Apple iPhone 14 Pro Max,7,1755,17-02-2025,19-12-2024
50920,Apple Watch Series 9 Aluminum,6,31323,17-02-2025,16-12-2024
55892,Apple iPhone 15 Pro,2,28964,21-03-2025,07-01-2025
66722,Samsung Galaxy Note5,4,38370,16-03-2025,15-01-2025
37574,Apple Watch Series 5,6,3477,13-03-2025,04-12-2024
89724,Ericsson I 888,1,17152,05-02-2025,14-01-2025
85921,Ericsson T18s,3,25005,14-02-2025,14-01-2025
18743,Apple iPhone 15 Pro Max,3,45169,17-03-2025,19-12-2024
71635,Apple iPad 4 Wi-Fi + Cellular,1,48941,15-03-2025,08-12-2024
49648,Samsung Galaxy Note T879,10,27752,11-03-2025,01-12-2024
59875,Apple Watch Series 5 Aluminum,1,25749,29-03-2025,27-12-2024
50595,Ericsson GF 768,6,38132,21-02-2025,06-01-2025
89150,Apple iPad 3 Wi-Fi + Cellular,1,48617,16-03-2025,08-12-2024
31592,Samsung Galaxy Note9,8,17170,27-01-2025,14-01-2025
61022,Apple iPad 10.2 (2020),8,47972,11-02-2025,18-12-2024
15797,Apple iPhone 15 Pro,6,32079,04-02-2025,12-12-2024
54791,Apple Watch Series 8 Aluminum,3,25375,20-02-2025,26-12-2024
98523,Samsung Galaxy Note 4 Duos,2,40171,15-02-2025,03-01-2025
20315,Samsung Galaxy Note8,10,5200,25-01-2025,04-01-2025
58679,Apple iPhone 12,6,20275,12-03-2025,08-01-2025
15979,Apple iPad Air 2,5,7221,04-02-2025,14-12-2024
22823,Ericsson GS 337,10,39411,24-03-2025,01-12-2024
12823,Apple Watch Ultra 2,9,16778,08-02-2025,02-01-2025
98069,Apple iPhone 6s,4,20972,11-03-2025,08-01-2025
97610,Apple iPhone SE (2022),6,46580,10-03-2025,28-12-2024
79414,Apple iPad mini (2019),7,37532,22-03-2025,20-12-2024
27118,Apple iPad 2 Wi-Fi,5,46093,02-03-2025,11-12-2024
63899,Apple iPhone XR,3,30097,10-03-2025,01-01-2025
94772,Samsung Galaxy Note5 Duos,5,33315,06-02-2025,19-12-2024
63869,Apple iPhone 14 Pro,5,36656,10-03-2025,23-12-2024
39663,Samsung Galaxy Note Pro 12.2,8,19254,26-03-2025,09-12-2024
79466,Samsung Galaxy Note 3 Neo,3,31410,22-03-2025,22-12-2024
93356,Samsung Galaxy Note 4,7,12382,23-03-2025,05-01-2025
64104,Apple Watch Series 5 Aluminum,8,22299,11-02-2025,18-12-2024
52173,Ericsson GA 628,2,25772,23-03-2025,04-01-2025
81448,Apple iPhone X,10,13357,20-02-2025,09-01-2025
93611,Apple iPhone 8,3,2602,10-02-2025,14-12-2024
63082,Ericsson R310s,2,40001,12-03-2025,30-12-2024
95142,Ericsson GF 388,1,19712,11-03-2025,23-12-2024
35451,Samsung Galaxy Note 4,3,34386,19-02-2025,25-12-2024
58748,Apple Watch Ultra 2,7,24545,01-03-2025,31-12-2024
23111,Apple iPad mini 2,6,48044,16-03-2025,13-12-2024
40599,Apple iPhone 13,8,6520,10-03-2025,07-12-2024
40918,Samsung Galaxy Note Pro 12.2 3G,9,43054,08-03-2025,10-01-2025
89154,Ericsson T68,6,16007,26-01-2025,03-01-2025
63326,Samsung Galaxy Note7,8,38549,11-02-2025,18-12-2024
32730,Ericsson GF 768,2,14763,25-03-2025,17-12-2024
24410,Apple iPad Air (2022),1,13939,28-01-2025,02-12-2024
57659,Apple Watch Sport 38mm (1st gen),7,8409,27-02-2025,30-12-2024
73520,Samsung Galaxy Note 3,8,26210,30-01-2025,13-12-2024
80157,Ericsson I 888,1,8792,01-02-2025,04-12-2024
24100,Samsung Galaxy Note Pro 12.2,2,14491,31-01-2025,11-12-2024
64376,Apple iPad Air,1,34252,25-02-2025,15-12-2024
21106,Apple iPhone 8,4,12029,26-02-2025,02-01-2025
65919,Apple Watch Edition Series 7,7,41177,27-01-2025,21-12-2024
86931,Apple iPad Pro 13 (2024),9,28549,17-03-2025,03-01-2025
27224,Apple iPhone 3GS,3,14876,04-02-2025,08-12-2024
54643,Apple iPad Air,7,44816,24-03-2025,17-12-2024
75771,Apple iPad 10.2 (2019),3,33258,20-02-2025,15-01-2025
95648,Samsung Galaxy Note LTE 10.1 N8020,6,15763,11-03-2025,25-12-2024
70988,Apple iPhone 11 Pro Max,4,43940,30-01-2025,28-12-2024
16039,Apple iPad 10.2 (2021),1,21891,09-03-2025,14-12-2024
16689,Apple Watch Edition Series 2 38mm,2,40651,29-01-2025,03-12-2024
86000,Samsung Galaxy Note Pro 12.2,7,15530,19-02-2025,11-12-2024
70651,Apple iPad Air,1,6931,18-02-2025,19-12-2024
74025,Apple iPhone 4,8,6639,29-03-2025,20-01-2025
31647,Apple iPad (2022),4,30008,06-03-2025,11-12-2024
46611,Apple iPhone 14 Pro,5,26839,11-02-2025,17-01-2025
48556,Apple iPad 10.2 (2021),1,31759,27-01-2025,01-12-2024
46390,Apple Watch Series 1 Aluminum 42mm,2,23753,17-03-2025,19-01-2025
21199,Ericsson A3618,9,21696,23-02-2025,13-12-2024
47505,Apple Watch SE (2022),4,34628,20-02-2025,05-12-2024
53200,Apple iPad Pro 11 (2022),8,25248,01-03-2025,15-12-2024
90013,Apple iPad 3 Wi-Fi,9,26278,12-03-2025,14-01-2025
87917,Ericsson PF 768,5,4252,01-02-2025,14-12-2024
66021,Apple iPad 10.2 (2021),8,2658,08-02-2025,26-12-2024
23839,Apple iPad Pro 12.9 (2020),9,17024,07-02-2025,03-12-2024
17468,Ericsson GA 628,6,18298,28-01-2025,16-12-2024
66737,Apple iPhone 3G,8,28872,04-03-2025,07-01-2025
56866,Ericsson T20e,5,41114,25-01-2025,01-12-2024
82384,Apple iPad mini (2021),4,21539,09-03-2025,16-12-2024
56640,Apple iPad Pro 11 (2022),2,47262,08-03-2025,28-12-2024
37821,Apple Watch Series 1 Aluminum 38mm,4,40059,16-03-2025,19-12-2024
92881,Apple iPhone 15 Pro Max,9,40144,09-03-2025,09-01-2025
21459,Ericsson R600,5,1724,17-02-2025,12-12-2024
19633,Ericsson GH 388,10,18616,16-03-2025,14-12-2024
71803,Apple Watch Series 9 Aluminum,6,1037,16-02-2025,03-01-2025
10250,Ericsson GS 18,9,29687,17-02-2025,04-12-2024
75479,Samsung Galaxy Note 4 (USA),6,48246,02-03-2025,19-12-2024
74713,Apple Watch Series 7 Aluminum,2,2646,19-02-2025,10-01-2025
54619,Ericsson GF 337,6,46513,28-01-2025,20-01-2025
95567,Apple iPhone 6s,2,16260,06-03-2025,02-12-2024
64222,Apple Watch SE (2022),1,10738,08-02-2025,23-12-2024
10574,Ericsson T10s,1,33099,17-03-2025,06-12-2024
62877,Samsung Galaxy Note N7000,8,18387,30-03-2025,12-12-2024
11599,Apple iPad Pro 9.7 (2016),2,36726,14-02-2025,17-01-2025
36713,Ericsson PF 768,5,49206,09-02-2025,06-12-2024
92489,Apple iPad Air 13 (2024),4,40492,28-03-2025,11-12-2024
74523,Apple iPhone SE (2020),1,36575,17-02-2025,17-01-2025
33872,Samsung Galaxy Note10+,9,26724,31-01-2025,16-12-2024
64511,Ericsson GH 388,10,37318,18-03-2025,29-12-2024
76695,Apple iPad Air 13 (2024),3,8587,26-03-2025,29-12-2024
97874,Apple Watch Series 2 38mm,4,13810,03-03-2025,15-12-2024
17741,Apple iPhone XS Max,1,19807,21-03-2025,07-12-2024
24874,Apple Watch Edition Series 2 42mm,2,20916,08-02-2025,11-12-2024
23275,Ericsson A3618,5,15370,09-02-2025,01-01-2025
41891,Apple Watch Edition Series 6,3,33551,11-02-2025,21-12-2024
73378,Apple iPhone 4s,3,30270,22-02-2025,07-01-2025
17892,Apple iPad mini Wi-Fi,4,16987,01-02-2025,31-12-2024
54930,Apple iPad Pro 11 (2022),10,37487,08-03-2025,16-01-2025
14412,Apple iPad 10.2 (2020),3,32011,05-02-2025,12-12-2024
78245,Samsung Galaxy Note FE,9,43203,27-03-2025,08-01-2025
84089,Apple Watch 38mm (1st gen),10,19072,03-03-2025,13-12-2024
20426,Apple iPhone 4,10,23009,10-03-2025,23-12-2024
72616,Apple iPhone 11,9,20171,10-03-2025,23-12-2024
76022,Apple Watch Ultra 2,9,8106,19-02-2025,25-12-2024
94877,Ericsson GF 788,7,1227,21-02-2025,25-12-2024
94732,Ericsson R520m,1,45875,31-03-2025,03-01-2025
15064,Ericsson T28 World,10,20229,07-02-2025,03-12-2024
10786,Ericsson GF 788e,1,18589,28-02-2025,13-12-2024
93792,Samsung Galaxy Note 8.0 Wi-Fi,6,11140,02-02-2025,20-12-2024
67988,Apple iPhone 11 Pro,5,30258,25-01-2025,06-01-2025
79007,Apple Watch Series 2 Aluminum 38mm,3,23997,27-01-2025,08-01-2025
60282,Apple Watch Series 3,3,40962,06-03-2025,12-12-2024
23752,Apple iPhone XS Max,2,28320,03-02-2025,19-12-2024
81892,Ericsson GA 318,6,6675,06-03-2025,17-01-2025
60502,Apple iPhone 12 Pro,7,38293,19-03-2025,16-01-2025
97027,Ericsson R600,2,49251,22-03-2025,16-01-2025
97799,Apple iPhone 6s,7,3061,25-03-2025,26-12-2024
33638,Apple iPad mini (2019),5,49037,26-01-2025,11-01-2025
26547,Apple Watch Series 9,9,32969,27-02-2025,01-12-2024
62917,Apple Watch Ultra,1,37726,15-02-2025,16-12-2024
11668,Apple iPhone 4s,3,16419,26-03-2025,13-01-2025
48603,Apple iPhone 6 Plus,3,19063,31-01-2025,03-12-2024
81792,Ericsson R320,4,24005,05-03-2025,21-12-2024
92654,Ericsson GH 337,1,15510,02-03-2025,30-12-2024
90447,Apple Watch 42mm (1st gen),7,15207,31-03-2025,02-01-2025
85726,Ericsson T39,6,7076,09-03-2025,02-01-2025
25041,Apple iPad (2022),7,13591,31-03-2025,12-01-2025
90829,Apple Watch Edition Series 3,3,34188,04-03-2025,15-12-2024
35273,Apple iPad 10.2 (2019),6,10534,29-01-2025,05-12-2024
47223,Samsung Galaxy Note8,5,26530,14-02-2025,28-12-2024
86481,Apple Watch Series 7,4,36970,03-02-2025,03-01-2025
70369,Apple iPhone 14 Pro Max,5,36727,03-03-2025,30-12-2024
53380,Ericsson T39,3,23279,12-03-2025,20-01-2025
32807,Samsung Galaxy Note 3,6,17576,31-03-2025,09-01-2025
44740,Ericsson R600,6,6569,15-03-2025,04-12-2024
72164,Apple iPhone 3G,9,11392,28-02-2025,26-12-2024
55230,Apple iPad Pro 12.9 (2022),8,35957,10-03-2025,01-12-2024
23256,Samsung Galaxy Note 8.0,3,46700,09-02-2025,20-01-2025
93820,Apple iPhone XS,10,9871,01-02-2025,10-12-2024
22346,Samsung Galaxy Note 4 (USA),10,49961,26-01-2025,05-01-2025
14292,Apple iPad 3 Wi-Fi,8,14356,06-03-2025,10-01-2025
97147,Samsung Galaxy Note FE,1,13290,08-03-2025,08-12-2024
81456,Apple iPad (2022),10,9109,01-03-2025,10-12-2024
68681,Samsung Galaxy Note 10.1 (2014),8,14849,06-02-2025,09-01-2025
89484,Apple Watch Sport 42mm (1st gen),8,12678,19-03-2025,07-12-2024
47493,Ericsson R310s,4,44702,12-03-2025,21-12-2024
63982,Ericsson A1018s,8,42797,20-02-2025,12-01-2025
17935,Ericsson GF 388,6,31266,26-02-2025,26-12-2024
63092,Samsung Galaxy Note10+ 5G,6,37778,31-01-2025,05-01-2025
13958,Samsung Galaxy Note10+ 5G,4,1416,07-03-2025,17-01-2025
62041,Apple iPhone 3G,1,24869,23-02-2025,13-01-2025
17164,Apple iPad Air 13 (2024),10,43638,10-02-2025,08-12-2024
49294,Apple iPad 4 Wi-Fi + Cellular,7,29761,16-03-2025,15-12-2024
94142,Samsung Galaxy Note FE,6,6372,16-03-2025,22-12-2024
25434,Ericsson T28 World,3,21260,27-03-2025,17-12-2024
89214,Apple iPhone 15 Plus,10,49369,18-02-2025,29-12-2024
75607,Apple iPad Air,7,39316,26-03-2025,20-12-2024
99047,Apple Watch Edition Series 6,7,38723,23-02-2025,02-01-2025
65721,Apple iPad Pro 11 (2022),1,43175,01-02-2025,19-01-2025
23848,Apple iPhone SE (2020),1,1820,31-01-2025,08-12-2024
38321,Apple iPhone 6s Plus,7,38485,25-01-2025,07-01-2025
96874,Apple iPad 4 Wi-Fi,6,48664,01-03-2025,18-12-2024
71595,Apple iPad 3 Wi-Fi,1,24067,06-03-2025,20-12-2024
13251,Ericsson I 888,4,39141,30-03-2025,04-01-2025
67483,Apple iPhone 6,3,41675,27-02-2025,30-12-2024
40206,Apple Watch Edition Series 6,6,2174,20-02-2025,18-01-2025
32170,Samsung Galaxy Note 3 Neo,6,47411,31-03-2025,19-12-2024
53924,Apple iPhone 14,7,3888,08-03-2025,10-12-2024
99279,Apple iPhone 12 Pro,6,27211,07-02-2025,19-12-2024
84613,Apple Watch Series 2 Aluminum 38mm,4,46036,02-02-2025,24-12-2024
47786,Apple iPhone 14 Plus,9,39359,03-03-2025,09-01-2025
92056,Ericsson R310s,8,45088,05-02-2025,06-01-2025
59429,Ericsson GS 18,1,13276,27-01-2025,10-12-2024
72052,Apple Watch Edition 38mm (1st gen),9,11542,17-03-2025,15-12-2024
43281,Ericsson GS 18,2,38759,21-02-2025,11-01-2025
33137,Ericsson T39,1,42752,28-03-2025,27-12-2024
74852,Samsung Galaxy Note II N7100,7,39874,26-02-2025,27-12-2024
90927,Apple Watch Series 2 Aluminum 38mm,1,11564,29-01-2025,12-12-2024
50730,Apple iPhone 8,6,37529,05-03-2025,08-12-2024
98708,Apple Watch Sport 38mm (1st gen),9,39956,18-02-2025,03-12-2024
46395,Ericsson T29s,9,17023,16-02-2025,13-01-2025
48720,Apple Watch 38mm (1st gen),7,16116,16-03-2025,24-12-2024
85449,Apple iPhone 15 Pro,4,37417,07-02-2025,04-01-2025
80237,Apple iPad 3 Wi-Fi,6,24720,09-02-2025,10-01-2025
96314,Samsung Galaxy Note Pro 12.2 LTE,1,30796,28-03-2025,05-12-2024
16569,Samsung Galaxy Note10+ 5G,8,9042,15-02-2025,21-12-2024
50543,Apple iPad Pro 10.5 (2017),1,7944,08-02-2025,25-12-2024
24087,Apple Watch Series 7 Aluminum,4,48648,19-03-2025,02-01-2025
15372,Samsung Galaxy Note20,3,47786,24-02-2025,15-01-2025
22809,Apple Watch Series 5 Aluminum,3,47507,17-02-2025,21-12-2024
53673,Apple iPhone SE (2020),9,20102,10-03-2025,13-01-2025
26446,Samsung Galaxy Note8,8,7726,15-03-2025,14-01-2025
44123,Apple iPad Pro 12.9 (2018),6,43900,12-02-2025,19-12-2024
39687,Samsung Galaxy Note10+,4,24305,04-02-2025,10-12-2024
57678,Apple Watch Series 9,4,27419,21-03-2025,30-12-2024
56524,Ericsson GF 768,9,40227,27-03-2025,10-12-2024
59951,Ericsson GH 218,7,29684,19-02-2025,10-01-2025
85455,Ericsson S 868,4,29457,27-01-2025,13-01-2025
10742,Samsung Galaxy Note10 5G,10,28253,27-01-2025,03-01-2025
62167,Samsung Galaxy Note10+,3,36080,27-03-2025,15-01-2025
36772,Samsung Galaxy Note20,1,39032,17-03-2025,11-01-2025
11152,Apple iPhone 13,10,11652,24-03-2025,13-01-2025
64627,Apple iPhone 11 Pro Max,2,30591,17-03-2025,19-01-2025
89511,Apple iPad Air (2022),7,47192,22-02-2025,05-01-2025
75437,Apple iPhone 5c,5,38130,09-03-2025,08-01-2025
72906,Samsung Galaxy Note20 5G,4,32268,28-03-2025,04-01-2025
43453,Samsung Galaxy Note10 Lite,7,26694,31-01-2025,07-01-2025
29116,Ericsson R380,5,17783,28-01-2025,18-01-2025
19761,Apple iPhone,3,30901,02-03-2025,11-01-2025
94015,Apple iPad Wi-Fi,10,20752,22-02-2025,17-12-2024
30075,Ericsson GF 337,4,39884,02-02-2025,30-12-2024
21443,Apple iPad 4 Wi-Fi + Cellular,8,29788,14-02-2025,30-12-2024
82893,Apple iPhone SE,6,19398,13-02-2025,15-12-2024
82267,Samsung Galaxy Note5 Duos,6,32605,27-01-2025,06-12-2024
73023,Samsung Galaxy Note 4,7,17985,31-03-2025,22-12-2024
94861,Apple iPad Pro 11 (2020),4,49225,26-01-2025,19-01-2025
85588,Apple iPad 4 Wi-Fi,6,14715,26-01-2025,23-12-2024
63055,Ericsson T29s,9,42460,16-03-2025,12-12-2024
33495,Ericsson GA 628,9,12488,23-02-2025,07-01-2025
48320,Ericsson GH 388,6,18585,31-03-2025,24-12-2024
71666,Apple iPhone 14,8,47058,15-02-2025,09-12-2024
63405,Samsung Galaxy Note20 Ultra,10,13770,10-02-2025,23-12-2024
55137,Apple iPhone SE (2020),8,32591,25-02-2025,19-12-2024
51779,Apple iPhone 5s,6,19287,08-02-2025,06-12-2024
50443,Apple Watch Edition 42mm (1st gen),2,43749,19-02-2025,17-12-2024
36782,Ericsson T28 World,6,45038,28-03-2025,06-01-2025
86447,Samsung Galaxy Note20 Ultra 5G,8,16776,13-02-2025,06-12-2024
48757,Samsung Galaxy Note II N7100,5,23165,25-03-2025,05-12-2024
86794,Samsung Galaxy Note8,5,18227,16-02-2025,07-01-2025
35727,Apple iPad Pro 10.5 (2017),1,15357,04-03-2025,12-12-2024
96112,Ericsson T39,5,48657,10-02-2025,24-12-2024
24476,Apple iPhone 14 Plus,1,36213,29-01-2025,23-12-2024
53940,Ericsson R380,10,39242,08-03-2025,10-12-2024
79206,Apple Watch Series 3,6,45709,30-01-2025,27-12-2024
26336,Apple iPad mini (2019),7,19169,27-03-2025,14-01-2025
98640,Apple iPad 2 CDMA,10,25276,09-03-2025,26-12-2024
88923,Samsung Galaxy Note9,1,43151,10-03-2025,20-01-2025
36655,Apple iPad 2 CDMA,2,26187,08-03-2025,03-01-2025
55511,Apple Watch Ultra,5,16417,01-03-2025,20-01-2025
45446,Samsung Galaxy Note 3 Neo,4,14586,25-02-2025,01-12-2024
76751,Samsung Galaxy Note N7000,4,27758,16-03-2025,17-12-2024
93770,Samsung Galaxy Note Pro 12.2 3G,2,35805,11-02-2025,19-01-2025
21967,Apple iPhone 14 Pro Max,9,17003,17-02-2025,03-01-2025
66389,Samsung Galaxy Note7,10,8774,21-03-2025,16-01-2025
83336,Ericsson T20s,2,35064,06-03-2025,29-12-2024
56839,Samsung Galaxy Note20 Ultra,2,32561,05-02-2025,02-12-2024
53727,Apple iPad mini Wi-Fi,4,46730,24-03-2025,08-01-2025
37836,Apple iPad 3 Wi-Fi + Cellular,8,28957,24-02-2025,03-12-2024
33360,Apple iPhone 14 Pro,2,40462,21-03-2025,11-12-2024
63178,Apple iPad (2022),1,13213,20-03-2025,07-01-2025
13336,Apple iPad 2 Wi-Fi,3,6146,15-03-2025,19-01-2025
10119,Apple Watch Series 1 Aluminum 42mm,8,16942,02-03-2025,19-12-2024
59346,Apple Watch Series 4 Aluminum,4,21145,24-02-2025,12-01-2025
76587,Ericsson T66,7,37989,31-03-2025,01-01-2025
39384,Apple iPad Wi-Fi + 3G,5,18799,29-03-2025,09-12-2024
21870,Apple Watch Edition 42mm (1st gen),6,2783,07-03-2025,08-12-2024
99952,Ericsson A2628,3,28472,04-02-2025,04-01-2025
96060,Apple iPhone SE (2020),9,17151,31-03-2025,08-12-2024
81118,Samsung Galaxy Note II N7100,5,9768,06-02-2025,29-12-2024
80174,Apple iPad 4 Wi-Fi + Cellular,10,36778,19-02-2025,04-01-2025
79217,Apple Watch Edition Series 2 38mm,8,5003,16-02-2025,26-12-2024
73547,Apple iPhone 15 Pro,4,28251,18-02-2025,18-01-2025
39360,Apple iPad (2022),5,25833,27-03-2025,15-12-2024
27490,Apple iPhone 14 Pro,5,47122,19-03-2025,21-12-2024
96236,Samsung Galaxy Note20 Ultra,1,42430,18-03-2025,29-12-2024
52902,Apple iPad mini Wi-Fi,6,13848,28-03-2025,18-12-2024
56253,Apple iPhone 15,10,48822,16-03-2025,23-12-2024
96497,Samsung Galaxy Note7,4,46567,31-03-2025,20-01-2025
23166,Samsung Galaxy Note Pro 12.2 3G,8,38876,22-03-2025,10-01-2025
14825,Apple iPhone 6 Plus,9,28686,11-03-2025,09-12-2024
10347,Ericsson GH 218,3,5952,12-02-2025,18-12-2024
65560,Ericsson GO 118,8,36837,14-02-2025,16-12-2024
84935,Apple iPhone 15 Pro Max,3,47471,29-03-2025,19-12-2024
59553,Apple iPad 10.2 (2020),2,44214,20-02-2025,21-12-2024
34321,Ericsson T20s,8,42015,20-02-2025,23-12-2024
84945,Ericsson GS 337,7,35622,08-02-2025,07-12-2024
77421,Apple iPhone 3GS,1,36014,08-03-2025,08-12-2024
66262,Apple iPhone 16 Pro Max,2,13370,12-03-2025,11-01-2025
96261,Samsung Galaxy Note II N7100,8,18408,13-03-2025,18-01-2025
79851,Ericsson GF 788e,7,23590,25-02-2025,05-12-2024
35120,Apple iPad Pro 12.9 (2022),5,3580,14-03-2025,20-12-2024
17200,Apple Watch Series 6 Aluminum,5,22286,18-02-2025,20-01-2025
33473,Ericsson SH 888,4,6273,04-02-2025,12-12-2024
23201,Apple iPhone 15 Pro Max,3,40420,03-02-2025,09-12-2024
32750,Ericsson T20e,1,10954,21-03-2025,09-01-2025
90606,Apple iPhone 11 Pro,4,14210,18-02-2025,25-12-2024
36939,Apple iPad mini 2,5,21608,10-02-2025,13-12-2024
60307,Samsung Galaxy Note Edge,6,13570,27-02-2025,25-12-2024
60652,Apple Watch Series 8,8,29054,08-02-2025,06-01-2025
47578,Ericsson GF 768,2,26790,27-03-2025,10-12-2024
21543,Apple iPad 10.2 (2021),7,7408,23-02-2025,12-01-2025
52120,Apple iPad 4 Wi-Fi + Cellular,2,35855,29-01-2025,27-12-2024
80288,Apple Watch Series 2 38mm,6,46149,13-02-2025,13-12-2024
75407,Samsung Galaxy Note7 (USA),7,4407,13-02-2025,21-12-2024
11532,Apple iPad Wi-Fi,2,45988,12-02-2025,08-01-2025
74501,Samsung Galaxy Note I717,6,5544,17-02-2025,07-01-2025
86996,Apple iPhone 13,4,33917,16-03-2025,18-12-2024
99582,Apple Watch SE (2022),4,32168,12-02-2025,03-01-2025
80254,Samsung Galaxy Note N7000,9,4693,06-02-2025,01-12-2024
53578,Apple Watch Series 9 Aluminum,1,6815,25-02-2025,09-12-2024
11778,Apple iPad Pro 12.9 (2015),3,8639,04-02-2025,15-12-2024
68937,Ericsson A1018s,2,19945,04-02-2025,15-01-2025
74933,Ericsson GF 788,10,44967,06-02-2025,16-01-2025
76690,Apple iPad (2022),3,46235,08-02-2025,13-01-2025
43865,Apple iPhone 3G,8,28538,28-02-2025,03-01-2025
53703,Ericsson T20e,1,38972,04-03-2025,01-12-2024
99189,Apple iPhone 13 Pro Max,5,27880,15-03-2025,10-01-2025
58382,Apple iPad Pro 11 (2021),6,7265,17-02-2025,07-12-2024
96535,Apple iPhone 15,3,30596,12-03-2025,05-01-2025
56381,Apple iPhone 7,2,22251,22-02-2025,09-12-2024
57276,Apple iPad 2 CDMA,10,35931,04-02-2025,11-12-2024
88597,Samsung Galaxy Note 10.1 N8010,8,42449,22-02-2025,05-01-2025
27683,Ericsson R320,5,26709,31-01-2025,07-12-2024
10573,Apple iPhone 4 CDMA,6,46222,25-02-2025,08-12-2024
75924,Apple iPad Pro 11 (2022),4,12935,30-03-2025,12-01-2025
40515,Ericsson GF 788e,10,4479,01-03-2025,07-01-2025
15608,Apple iPhone 14 Pro,9,22048,22-03-2025,19-12-2024
83196,Apple Watch Edition Series 2 42mm,8,17407,12-03-2025,08-12-2024
85166,Apple iPhone XS Max,9,6953,31-03-2025,12-01-2025
46447,Apple iPad 2 Wi-Fi + 3G,6,2094,21-03-2025,18-12-2024
78298,Apple iPad 10.2 (2020),7,22154,01-02-2025,03-01-2025
55614,Apple iPhone SE (2022),9,3122,20-02-2025,14-01-2025
26007,Apple Watch Series 4 Aluminum,7,16778,06-02-2025,25-12-2024
56547,Apple Watch Series 8 Aluminum,8,37437,01-02-2025,31-12-2024
64186,Apple iPhone 15 Pro,1,42882,27-02-2025,14-01-2025
14643,Ericsson GH 218,8,41991,27-01-2025,24-12-2024
91590,Apple iPhone XR,9,16330,20-02-2025,05-01-2025
99986,Apple iPad Air 13 (2024),5,36259,02-02-2025,28-12-2024
11386,Samsung Galaxy Note9,6,46836,27-01-2025,22-12-2024
23580,Samsung Galaxy Note5 (USA),4,22779,05-03-2025,13-01-2025
43134,Apple Watch Series 8,8,7824,14-02-2025,04-12-2024
71636,Samsung Galaxy Note Pro 12.2 LTE,5,1090,20-02-2025,19-12-2024
40751,Apple iPad 2 CDMA,9,31533,07-03-2025,13-01-2025
44283,Apple iPhone SE (2022),1,12575,05-02-2025,06-12-2024
95769,Samsung Galaxy Note Pro 12.2,6,1784,22-03-2025,24-12-2024
12747,Ericsson T66,8,22520,22-03-2025,01-12-2024
33222,Apple iPhone SE,3,7681,08-03-2025,12-01-2025
25661,Samsung Galaxy Note10+ 5G,8,16439,07-02-2025,17-12-2024
20480,Apple iPad 2 Wi-Fi + 3G,8,28214,15-02-2025,15-12-2024
57056,Apple iPad 2 Wi-Fi,10,4366,27-01-2025,30-12-2024
92535,Apple iPad 2 Wi-Fi + 3G,3,47062,24-02-2025,30-12-2024
21321,Apple Watch Series 5,4,23871,13-02-2025,12-12-2024
37247,Ericsson I 888,4,10509,26-01-2025,14-01-2025
94554,Apple iPad 2 Wi-Fi,4,28451,27-02-2025,17-12-2024
38253,Samsung Galaxy Note9,9,21444,07-03-2025,25-12-2024
33472,Apple Watch Series 2 Aluminum 38mm,8,16412,28-03-2025,08-01-2025
26795,Apple iPhone 14,4,27053,27-03-2025,24-12-2024
41089,Ericsson T10s,8,44111,13-02-2025,15-01-2025
22384,Apple Watch Series 8,10,2576,28-03-2025,20-12-2024
98421,Apple iPad mini Wi-Fi,7,12202,09-02-2025,04-01-2025
18425,Samsung Galaxy Note20,5,15190,06-03-2025,16-12-2024
85149,Samsung Galaxy Note8,9,4658,26-02-2025,18-01-2025
22705,Apple iPad Pro 13 (2024),5,26491,04-03-2025,09-01-2025
34094,Samsung Galaxy Note10+,9,42681,25-01-2025,20-01-2025
75659,Ericsson T39,1,28702,27-03-2025,20-12-2024
11716,Apple iPad Wi-Fi + 3G,8,24770,31-03-2025,26-12-2024
44297,Apple Watch Series 2 38mm,1,41290,26-02-2025,21-12-2024
92095,Apple iPhone 13 mini,4,28234,02-03-2025,11-12-2024
87973,Samsung Galaxy Note5 Duos,9,3417,16-03-2025,18-12-2024
78741,Apple iPad 2 CDMA,10,40010,26-02-2025,13-12-2024
91369,Apple iPhone XS Max,7,41504,04-03-2025,27-12-2024
55496,Apple iPad Pro 12.9 (2015),9,40913,03-03-2025,09-01-2025
40101,Samsung Galaxy Note7 (USA),9,5126,28-02-2025,01-12-2024
95744,Apple iPhone 4s,4,39289,12-02-2025,14-01-2025
17512,Apple Watch Ultra,1,14314,22-03-2025,09-12-2024
99517,Apple iPad Pro 12.9 (2017),7,19845,27-02-2025,20-12-2024
46845,Apple Watch Series 1 Aluminum 42mm,2,1566,03-02-2025,24-12-2024
68031,Apple Watch Series 8 Aluminum,1,49326,13-03-2025,11-12-2024
10026,Ericsson GO 118,4,45095,28-03-2025,16-12-2024
56677,Ericsson R250s PRO,3,16352,27-01-2025,18-12-2024
83955,Apple Watch Edition 42mm (1st gen),9,47562,18-02-2025,14-01-2025
79067,Apple Watch Ultra 2,9,10858,13-03-2025,16-12-2024
51920,Apple iPhone 14 Pro Max,7,33696,23-03-2025,10-01-2025
97653,Ericsson R380,2,23162,12-03-2025,13-12-2024
83149,Samsung Galaxy Note9,5,41712,09-02-2025,27-12-2024
67208,Apple iPhone 14,8,35313,25-02-2025,05-01-2025
59157,Ericsson T36,3,9849,08-02-2025,12-01-2025
80536,Ericsson GH 218,7,43254,04-02-2025,15-12-2024
75533,Apple Watch SE,1,27276,07-02-2025,05-12-2024
33622,Apple Watch Edition Series 5,2,16753,12-02-2025,27-12-2024
12206,Samsung Galaxy Note Edge,5,25192,24-03-2025,20-12-2024
60290,Samsung Galaxy Note Pro 12.2 3G,7,26469,13-03-2025,29-12-2024
99973,Apple iPhone 6,7,35646,10-02-2025,08-01-2025
58300,Samsung Galaxy Note9,7,46759,12-02-2025,13-01-2025
58321,Ericsson T28s,1,46562,26-01-2025,01-12-2024
16665,Ericsson GS 337,1,31663,08-02-2025,12-12-2024
81108,Apple iPhone 7 Plus,4,18158,09-02-2025,04-12-2024
58164,Apple Watch 38mm (1st gen),6,40963,08-03-2025,19-12-2024
94185,Ericsson R250s PRO,1,14803,19-03-2025,05-12-2024
61852,Apple iPhone,1,24425,05-02-2025,26-12-2024
84852,Apple iPhone 3G,6,34563,30-03-2025,27-12-2024
73550,Ericsson GS 337,4,24044,18-03-2025,28-12-2024
56789,Apple Watch 42mm (1st gen),5,25075,20-02-2025,30-12-2024
63781,Apple iPhone 12,5,1326,01-02-2025,17-01-2025
48642,Samsung Galaxy Note 10.1 (2014),10,45579,22-03-2025,13-12-2024
33989,Samsung Galaxy Note10+ 5G,6,16848,25-03-2025,18-01-2025
40600,Apple iPad Pro 12.9 (2022),6,38566,18-03-2025,10-12-2024
47878,Apple iPad Air 13 (2024),3,11050,11-03-2025,15-12-2024
12943,Apple iPhone XS,7,14756,10-02-2025,02-01-2025
13941,Apple iPhone 4 CDMA,1,36499,26-03-2025,25-12-2024
53205,Ericsson T20s,5,39249,17-03-2025,06-12-2024
45671,Apple iPhone SE (2022),2,15338,22-03-2025,21-12-2024
50268,Apple iPhone XS,8,37039,21-03-2025,13-01-2025
88451,Apple Watch Edition Series 5,1,25806,22-02-2025,19-12-2024
23517,Apple iPad 10.2 (2019),8,8059,01-02-2025,07-12-2024
72296,Apple Watch Series 2 Aluminum 38mm,8,35312,29-03-2025,26-12-2024
55196,Apple iPhone SE,6,40655,03-03-2025,16-01-2025
45158,Apple iPhone 14,10,49037,07-03-2025,11-12-2024
98144,Apple Watch Edition Series 5,6,40593,27-03-2025,16-01-2025
70659,Apple iPad 9.7 (2018),1,48724,10-03-2025,23-12-2024
91471,Apple Watch Edition Series 5,4,39399,06-02-2025,27-12-2024
49427,Apple Watch Edition 38mm (1st gen),8,48897,19-02-2025,18-12-2024
67583,Apple iPhone 6,2,19596,29-01-2025,16-01-2025
62452,Apple Watch Edition Series 6,1,12262,22-02-2025,18-01-2025
11221,Apple iPad 2 Wi-Fi + 3G,4,44375,25-03-2025,22-12-2024
24499,Apple iPad Air (2019),4,7407,11-02-2025,08-01-2025
93986,Apple Watch Series 8,6,32228,19-03-2025,03-01-2025
35365,Samsung Galaxy Note Pro 12.2 3G,3,12352,06-02-2025,08-12-2024
81951,Samsung Galaxy Note Pro 12.2 3G,7,12444,19-03-2025,12-01-2025
47295,Apple iPad Pro 13 (2024),8,41278,26-01-2025,30-12-2024
95956,Samsung Galaxy Note20,1,32663,02-03-2025,10-01-2025
61862,Ericsson GA 628,10,42452,12-02-2025,16-12-2024
90237,Apple iPad mini (2019),10,31413,06-03-2025,09-12-2024
13499,Apple iPhone 11 Pro Max,6,27102,22-02-2025,02-01-2025
30274,Apple Watch Series 1 Aluminum 38mm,8,14310,11-02-2025,06-01-2025
49221,Ericsson R380,3,1848,15-02-2025,13-01-2025
25366,Ericsson GF 768,4,4799,03-03-2025,15-01-2025
41157,Ericsson GH 218,3,19160,03-02-2025,29-12-2024
13358,Samsung Galaxy Note N7000,5,14603,07-02-2025,22-12-2024
49946,Samsung Galaxy Note 10.1 N8000,6,41650,03-02-2025,18-12-2024
26906,Apple iPad (2022),4,4967,05-02-2025,18-12-2024
23994,Ericsson T39,6,25291,22-03-2025,04-01-2025
25948,Apple iPhone 8 Plus,6,3323,22-03-2025,20-01-2025
78486,Apple iPad 4 Wi-Fi,10,18032,12-03-2025,18-01-2025
84662,Apple iPhone 4 CDMA,6,17343,19-02-2025,17-12-2024
31412,Apple iPhone XS Max,1,4588,27-03-2025,02-01-2025
49153,Apple Watch Series 2 Aluminum 38mm,10,4682,01-03-2025,19-12-2024
80353,Apple iPhone 7 Plus,7,23980,16-02-2025,20-01-2025
99066,Samsung Galaxy Note 3,7,34290,01-03-2025,16-01-2025
31463,Apple iPhone 5s,3,49589,13-03-2025,23-12-2024
89934,Apple iPad Pro 11 (2024),5,37340,16-02-2025,14-01-2025
82615,Apple iPhone 6,6,6652,27-03-2025,11-01-2025
54202,Apple Watch Series 9 Aluminum,10,2890,04-03-2025,13-12-2024
76534,Apple Watch SE (2022),2,10526,10-02-2025,22-12-2024
31783,Ericsson A3618,9,47793,21-02-2025,20-01-2025
15742,Apple iPhone 12 mini,9,48695,13-03-2025,08-12-2024
78550,Apple Watch Series 8,3,16443,05-03-2025,06-01-2025
36978,Apple iPad 3 Wi-Fi,5,49810,02-02-2025,21-12-2024
66816,Apple iPhone 12,6,12752,25-03-2025,01-01-2025
59059,Apple iPad Pro 9.7 (2016),5,30832,31-01-2025,13-12-2024
25154,Ericsson A2628,4,22365,31-03-2025,17-01-2025
69526,Samsung Galaxy Note T879,9,3380,11-03-2025,10-12-2024
50475,Samsung Galaxy Note 4 Duos,8,24021,24-02-2025,07-01-2025
30815,Apple iPad mini Wi-Fi + Cellular,4,38603,14-03-2025,01-01-2025
94949,Apple iPad mini (2019),7,17175,23-03-2025,11-12-2024
26666,Samsung Galaxy Note Edge,5,26534,28-02-2025,22-12-2024
33029,Samsung Galaxy Note 8.0 Wi-Fi,1,23390,05-03-2025,12-12-2024
32473,Apple iPhone 4,2,41924,02-02-2025,24-12-2024
36095,Samsung Galaxy Note10 5G,4,26559,13-02-2025,20-12-2024
24870,Apple iPhone 16 Pro Max,7,31159,07-03-2025,06-01-2025
18043,Apple iPad Air (2022),7,36110,17-02-2025,20-01-2025
14738,Apple iPad Pro 11 (2018),5,19084,01-03-2025,07-01-2025
21002,Apple iPad Air 11 (2024),8,44811,27-03-2025,17-12-2024
54255,Apple iPad Air (2022),5,6894,06-02-2025,15-01-2025
48166,Ericsson R310s,2,12589,21-02-2025,02-01-2025
66814,Apple iPhone 15,7,25027,24-02-2025,24-12-2024
49239,Apple iPhone 7,10,45211,25-03-2025,05-01-2025
61799,Apple iPhone 3G,2,46556,26-03-2025,18-01-2025
15120,Ericsson R520m,9,1172,07-02-2025,29-12-2024
68876,Ericsson T20s,9,40745,26-03-2025,28-12-2024
18542,Samsung Galaxy Note 3 Neo Duos,3,9680,15-03-2025,05-12-2024
32148,Apple iPad 3 Wi-Fi,2,38257,25-02-2025,03-01-2025
43446,Ericsson T36,9,40894,20-03-2025,07-12-2024
95685,Apple iPad mini (2021),3,1329,11-03-2025,06-12-2024
23839,Apple Watch Edition Series 6,10,33267,22-03-2025,06-12-2024
87856,Samsung Galaxy Note20 Ultra 5G,9,34597,05-03-2025,10-12-2024
28485,Apple iPhone 12 Pro Max,1,7195,27-01-2025,12-01-2025
20916,Ericsson T36,7,37313,18-02-2025,13-01-2025
73550,Apple Watch Edition Series 2 38mm,7,18453,20-03-2025,20-12-2024
65980,Ericsson GH 388,5,43597,06-03-2025,10-01-2025
69584,Ericsson PF 768,6,4670,22-03-2025,12-12-2024
68475,Apple iPhone 15 Pro Max,6,6931,25-02-2025,17-01-2025
47889,Apple Watch Series 4,3,17929,14-02-2025,22-12-2024
19781,Apple iPad Pro 12.9 (2017),4,20907,02-03-2025,04-01-2025
68732,Apple iPhone SE (2020),4,19065,31-01-2025,04-01-2025
18330,Apple iPhone XS,9,40492,28-02-2025,17-01-2025
79435,Samsung Galaxy Note5 (USA),9,36817,26-03-2025,10-12-2024
14940,Apple iPhone 6 Plus,6,31765,04-03-2025,22-12-2024
50456,Samsung Galaxy Note 10.1 (2014),5,27234,19-02-2025,29-12-2024
53751,Apple iPad 4 Wi-Fi + Cellular,8,22434,06-02-2025,14-01-2025
71854,Apple Watch Series 9 Aluminum,6,20119,16-03-2025,02-01-2025
72418,Ericsson GF 788e,3,27111,25-03-2025,05-12-2024
85154,Apple iPhone 6s Plus,3,45473,07-02-2025,26-12-2024
41227,Ericsson T10s,6,9218,23-03-2025,03-01-2025
27819,Ericsson T36,9,19200,23-03-2025,02-12-2024
82611,Apple iPhone 14 Pro Max,10,36166,14-02-2025,14-01-2025
16391,Apple iPad Air (2020),2,49533,27-02-2025,08-01-2025
47310,Apple iPhone 5c,5,41374,05-03-2025,29-12-2024
51954,Ericsson T29s,1,41130,06-02-2025,15-01-2025
60731,Apple Watch Edition Series 7,1,14475,12-03-2025,15-01-2025
95893,Apple iPhone 8 Plus,5,13484,31-03-2025,05-01-2025
22668,Ericsson T20s,1,5241,15-02-2025,02-12-2024
32354,Apple iPad Wi-Fi + 3G,3,25184,01-02-2025,10-12-2024
54165,Apple iPad Air 11 (2024),5,32397,29-03-2025,12-01-2025
36858,Apple Watch Series 1 Aluminum 42mm,7,7165,11-03-2025,13-12-2024
46741,Apple iPhone 12,6,6850,30-01-2025,03-01-2025
99174,Ericsson T18s,8,40517,26-01-2025,16-12-2024
64733,Apple Watch Series 9,2,23746,19-03-2025,11-12-2024
89753,Samsung Galaxy Note LTE 10.1 N8020,1,40062,04-02-2025,09-01-2025
54834,Ericsson GF 788,8,2902,10-03-2025,28-12-2024
22138,Apple Watch Series 2 Aluminum 42mm,4,31143,04-03-2025,22-12-2024
89369,Apple iPad 4 Wi-Fi + Cellular,10,5688,27-03-2025,11-01-2025
26693,Apple Watch Series 3,8,22289,17-03-2025,09-01-2025
61439,Ericsson T65,6,45546,18-03-2025,04-01-2025
56339,Samsung Galaxy Note 8.0 Wi-Fi,3,4507,26-03-2025,28-12-2024
65040,Samsung Galaxy Note 4,5,32262,27-03-2025,21-12-2024
89402,Apple iPad Pro 12.9 (2021),10,29793,23-02-2025,16-01-2025
20612,Apple Watch Series 8,9,5699,09-02-2025,17-12-2024
40681,Ericsson GH 388,10,19339,06-02-2025,18-12-2024
47487,Samsung Galaxy Note7 (USA),5,16841,20-02-2025,13-01-2025
36183,Apple Watch Edition Series 3,2,25315,21-03-2025,22-12-2024
15926,Ericsson GF 768,1,24202,29-01-2025,18-12-2024
33536,Ericsson A2618,6,5725,29-01-2025,25-12-2024
93835,Samsung Galaxy Note20 Ultra 5G,5,5921,27-02-2025,05-12-2024
51305,Apple iPhone 5c,1,42156,06-03-2025,01-01-2025
53516,Apple Watch Series 4 Aluminum,1,3344,31-03-2025,10-01-2025
78927,Apple Watch Series 5 Aluminum,1,36725,18-03-2025,28-12-2024
84747,Apple iPad 2 Wi-Fi + 3G,5,11469,07-02-2025,10-01-2025
63514,Ericsson PF 768,2,1349,22-02-2025,30-12-2024
77113,Samsung Galaxy Note9,7,2151,05-03-2025,07-12-2024
83379,Apple Watch Series 5,2,27265,08-02-2025,12-12-2024
78952,Apple iPhone 8 Plus,4,45337,31-01-2025,15-01-2025
44193,Apple iPad Air 11 (2024),10,49004,11-03-2025,11-01-2025
73069,Ericsson GO 118,2,30936,05-03-2025,28-12-2024
31442,Apple iPhone 8,4,42392,30-01-2025,20-12-2024
18643,Apple iPhone 6 Plus,4,7983,20-02-2025,02-12-2024
95539,Ericsson GF 388,3,12861,26-01-2025,09-12-2024
92247,Samsung Galaxy Note10+ 5G,8,41512,28-02-2025,29-12-2024
50325,Ericsson GF 788,9,8647,28-02-2025,04-01-2025
33232,Apple Watch 38mm (1st gen),5,2665,13-03-2025,01-01-2025
49692,Samsung Galaxy Note5 (USA),6,47895,19-02-2025,06-12-2024
65756,Apple Watch Series 7,9,15023,16-02-2025,05-12-2024
19642,Ericsson R380,5,27643,25-02-2025,10-01-2025
21838,Apple iPhone XR,10,14433,23-02-2025,28-12-2024
89103,Apple iPad 2 Wi-Fi,1,38701,02-02-2025,12-01-2025
47381,Samsung Galaxy Note8,10,28538,29-01-2025,03-01-2025
74611,Samsung Galaxy Note II N7100,8,45214,22-03-2025,23-12-2024
81108,Samsung Galaxy Note5,2,26845,20-02-2025,29-12-2024
45799,Apple Watch Series 9,3,11701,25-03-2025,01-12-2024
30454,Apple iPad Air 13 (2024),6,30245,17-02-2025,02-12-2024
31879,Ericsson T68,8,36766,16-02-2025,02-01-2025
71578,Apple iPad mini 2,3,28784,26-03-2025,04-01-2025
99153,Ericsson T10s,6,6470,17-03-2025,11-01-2025
89091,Apple Watch SE (2022),5,25468,15-03-2025,15-12-2024
89782,Apple iPhone 6s Plus,3,30190,18-03-2025,03-12-2024
75946,Apple Watch Series 5,10,12655,25-03-2025,15-12-2024
36537,Apple iPhone 6 Plus,8,35454,16-02-2025,29-12-2024
70515,Samsung Galaxy Note5,8,12695,18-02-2025,29-12-2024
29496,Apple iPhone 11 Pro Max,6,36544,22-03-2025,14-12-2024
19107,Apple iPad 4 Wi-Fi + Cellular,7,24022,31-01-2025,08-01-2025
65424,Apple iPad Pro 11 (2024),3,44978,30-01-2025,01-12-2024
89351,Ericsson T20e,2,22231,10-02-2025,19-01-2025
75282,Apple iPhone 14 Plus,8,31120,15-02-2025,12-12-2024
47632,Apple iPad 9.7 (2017),9,21860,21-02-2025,09-01-2025
23961,Apple iPad Pro 11 (2021),7,1821,08-02-2025,11-12-2024
27359,Ericsson R520m,7,39307,27-03-2025,12-01-2025
68424,Apple iPhone 14,7,8028,23-03-2025,30-12-2024
38804,Apple Watch Series 3 Aluminum,2,41500,04-02-2025,29-12-2024
63941,Apple iPad Pro 9.7 (2016),2,39877,03-03-2025,19-12-2024
55121,Apple iPad mini Wi-Fi + Cellular,9,15466,16-03-2025,22-12-2024
42488,Samsung Galaxy Note20 Ultra,10,26138,13-02-2025,16-12-2024
13051,Apple Watch Ultra,3,19303,10-03-2025,02-01-2025
96063,Apple Watch SE,3,22718,03-03-2025,23-12-2024
54943,Ericsson GF 388,7,28043,23-02-2025,13-12-2024
53654,Samsung Galaxy Note Pro 12.2 LTE,10,24676,24-03-2025,16-01-2025
61960,Apple Watch Series 1 Aluminum 42mm,5,11031,25-01-2025,15-01-2025
36959,Apple iPhone 15 Pro Max,5,35302,28-02-2025,18-12-2024
83445,Samsung Galaxy Note Edge,4,11815,15-02-2025,21-12-2024
19499,Ericsson GS 337,3,44023,15-02-2025,19-12-2024
53043,Ericsson R320,2,49800,12-03-2025,13-12-2024
22590,Samsung Galaxy Note20 Ultra,1,14719,20-02-2025,05-01-2025
76997,Apple Watch Sport 42mm (1st gen),6,36398,14-02-2025,19-12-2024
63650,Apple Watch 38mm (1st gen),1,33649,26-02-2025,02-12-2024
67220,Apple Watch Series 4 Aluminum,4,29493,28-01-2025,02-01-2025
89097,Apple iPad 9.7 (2017),5,9277,09-02-2025,31-12-2024
91455,Ericsson GF 388,2,49874,14-02-2025,16-01-2025
19457,Ericsson PF 768,1,23126,16-02-2025,05-01-2025
13271,Ericsson T10s,7,2545,30-01-2025,04-01-2025
26789,Apple iPad 10.2 (2021),3,9570,10-03-2025,06-12-2024
67025,Apple iPad mini 4 (2015),6,29797,19-03-2025,09-01-2025
62900,Samsung Galaxy Note N7000,5,8606,21-02-2025,10-12-2024
87529,Ericsson R520m,10,40886,09-03-2025,13-01-2025
72997,Apple iPhone 3GS,6,29208,21-03-2025,21-12-2024
36991,Apple iPad 10.2 (2021),8,7087,15-03-2025,14-01-2025
99135,Apple Watch Edition 38mm (1st gen),6,45652,22-02-2025,19-12-2024
69297,Apple iPad Pro 12.9 (2017),3,14454,13-02-2025,29-12-2024
32578,Apple iPad Pro 12.9 (2018),3,1398,25-03-2025,01-01-2025
27607,Ericsson T28 World,1,13879,19-03-2025,25-12-2024
17509,Apple iPhone 3GS,4,42715,28-02-2025,21-12-2024
72908,Ericsson GH 688,8,42197,10-02-2025,10-12-2024
10496,Apple iPhone SE,5,26304,26-01-2025,28-12-2024
35801,Apple Watch Series 6 Aluminum,2,48418,22-02-2025,31-12-2024
14776,Samsung Galaxy Note20 Ultra 5G,10,15219,21-02-2025,04-12-2024
46875,Samsung Galaxy Note 3,2,26033,08-03-2025,16-01-2025
69770,Apple iPad Pro 11 (2021),8,46677,14-03-2025,07-12-2024
17046,Apple Watch Ultra 2,4,11875,29-01-2025,20-01-2025
57519,Ericsson GF 337,2,1628,02-03-2025,17-01-2025
10866,Samsung Galaxy Note II N7100,1,10972,27-02-2025,06-12-2024
55662,Apple iPad 2 CDMA,2,7295,20-02-2025,26-12-2024
45832,Apple iPhone XS Max,1,41601,15-02-2025,18-01-2025
10932,Samsung Galaxy Note Edge,10,40525,02-03-2025,13-12-2024
40135,Apple iPad 9.7 (2018),9,21760,31-03-2025,11-01-2025
22499,Apple iPhone 14 Plus,4,29516,12-03-2025,29-12-2024
76302,Ericsson A3618,4,30586,30-03-2025,22-12-2024
29387,Samsung Galaxy Note 10.1 N8010,4,22447,28-02-2025,01-01-2025
98437,Samsung Galaxy Note20 Ultra 5G,3,8537,10-02-2025,18-01-2025
85152,Samsung Galaxy Note5,7,2947,08-02-2025,11-01-2025
47890,Apple iPhone 13 mini,5,46747,30-01-2025,01-12-2024
84033,Ericsson T29s,1,39428,15-02-2025,16-01-2025
74367,Apple iPhone 6s Plus,5,27047,28-02-2025,02-01-2025
62901,Ericsson I 888,5,39553,18-02-2025,17-01-2025
45009,Apple Watch Series 6 Aluminum,7,28300,28-02-2025,16-01-2025
58842,Samsung Galaxy Note N7000,5,4936,23-03-2025,04-01-2025
79549,Apple Watch Sport 42mm (1st gen),1,6243,30-03-2025,02-01-2025
55895,Ericsson T18s,8,26188,23-02-2025,12-01-2025
92189,Samsung Galaxy Note20 Ultra,8,46204,04-03-2025,05-01-2025
96046,Samsung Galaxy Note10 Lite,2,21873,12-03-2025,06-01-2025
24716,Apple Watch Series 6,7,28554,09-02-2025,18-12-2024
90342,Ericsson R310s,1,1999,19-02-2025,20-12-2024
96107,Samsung Galaxy Note 3 Neo Duos,10,33481,03-03-2025,12-01-2025
31639,Apple iPad (2022),4,10703,23-03-2025,16-01-2025
63372,Apple Watch Series 3 Aluminum,1,16909,29-03-2025,22-12-2024
36856,Apple iPhone 12 Pro,2,19659,13-03-2025,18-12-2024
45280,Ericsson GO 118,1,1919,17-03-2025,16-12-2024
96903,Ericsson T29s,8,19226,15-02-2025,04-01-2025
48952,Apple iPhone 12 Pro Max,5,40631,03-03-2025,21-12-2024
49666,Ericsson GF 788e,4,36672,10-03-2025,08-01-2025
90031,Apple Watch Series 6,6,38318,05-02-2025,16-12-2024
20922,Samsung Galaxy Note10,8,46577,07-03-2025,10-12-2024
86596,Samsung Galaxy Note8,4,41298,26-03-2025,21-12-2024
43134,Apple iPhone 16 Pro Max,4,34621,12-03-2025,11-01-2025
90027,Apple iPad 2 Wi-Fi,4,17242,01-03-2025,09-12-2024
16144,Apple iPhone SE (2022),9,46717,26-02-2025,14-01-2025
55319,Apple iPhone 13 Pro,5,14335,29-01-2025,13-12-2024
46433,Apple iPhone 13 Pro Max,3,12842,02-02-2025,20-12-2024
73677,Samsung Galaxy Note T879,7,49582,01-02-2025,12-01-2025
74451,Samsung Galaxy Note II CDMA,1,13965,26-03-2025,31-12-2024
54306,Apple iPad 4 Wi-Fi + Cellular,10,1852,29-03-2025,18-01-2025
28818,Ericsson R520m,7,8424,19-02-2025,17-01-2025
91643,Ericsson T65,4,34413,27-03-2025,02-12-2024
43006,Apple Watch Series 8,10,25536,29-03-2025,09-12-2024
81761,Ericsson T68,3,34810,14-02-2025,02-12-2024
30900,Samsung Galaxy Note20,2,49119,25-01-2025,02-12-2024
15842,Apple iPad 2 Wi-Fi,8,30064,18-03-2025,22-12-2024
66018,Ericsson T29s,9,11045,16-03-2025,20-12-2024
10583,Apple iPad Pro 10.5 (2017),6,36385,14-03-2025,21-12-2024
39518,Apple iPad (2022),10,46736,30-03-2025,18-01-2025
98584,Apple iPad Wi-Fi + 3G,8,1395,30-03-2025,16-12-2024
19159,Ericsson T29s,10,4726,10-02-2025,20-01-2025
68625,Ericsson S 868,3,42986,05-02-2025,10-01-2025
65532,Ericsson A2628,4,20903,30-01-2025,10-12-2024
75349,Apple iPad Pro 11 (2022),5,3459,28-01-2025,16-12-2024
96746,Apple iPhone 13 mini,2,29881,24-03-2025,14-12-2024
62496,Apple iPad 4 Wi-Fi,9,30881,08-02-2025,18-01-2025
64181,Samsung Galaxy Note 10.1 N8000,1,1170,15-03-2025,26-12-2024
18689,Samsung Galaxy Note7,1,32464,01-03-2025,05-01-2025
85712,Apple iPhone 3G,10,2584,24-02-2025,13-12-2024
83022,Apple Watch 38mm (1st gen),2,45564,06-02-2025,29-12-2024
37729,Apple Watch Series 9 Aluminum,7,1043,31-01-2025,29-12-2024
